,question,contexts,ground_truth,evolution_type,metadata,episode_done
0," ""为什么菩萨需要修引发静虑以利益众生？",[脱之道，这才称为禅定波罗蜜。\n\n禅定可分为三种：\n\n（1）、安住静虑：\n\n禅定古印度文称为禅那，意思既是静静的思维修行，也既是静虑。安住静虑既是安住禅定。我们有昏沉与掉举的烦恼业习，使我们的心不能敏锐的观察此世间，不容易发觉吾人心念的起落，所以要通过修禅定使他轻安，时时刻刻保持它，不生起昏沉、掉举的烦恼，这样我们才能敏锐的观察世间，不容易被迷惑。\n\n（2）、引发静虑：\n\n既是引发禅定，菩萨要给予众生利益，没有神通力，他所给予的利益是不大的；菩萨必定要认真修四禅八定，在深的禅定中可以引发种种神通，以种种的善巧方便度化、利益众生，故菩萨要修引发静虑。\n\n（3）、办事静虑：\n\n行、住、坐、卧都在定中，称为办事静虑。此种静虑也称为那伽定，既是菩萨在一切时都在定中，有此定力的菩萨则可进入世间做各种利益众生的事业。\n\n这三种静虑，使我们远离昏沉的烦恼，能更敏锐的观察世间，而生起智慧，所以禅定能生起智慧，智慧能使我们解脱，度到生死解脱的彼岸。如有人修禅定只是为了求各种神通，则不能称为禅定波罗蜜。\n\n（六）、智慧：\n\n智慧可分为世间智慧与出世间智慧。\n\n（1）、�],菩萨需要修引发静虑以利益众生，因为菩萨要给予众生利益，没有神通力，他所给予的利益是不大的；菩萨必定要认真修四禅八定，在深的禅定中可以引发种种神通，以种种的善巧方便度化、利益众生，故菩萨要修引发静虑。,simple,[{'source': '/Users/xiyuchen/PycharmProjects/graphrag-microsoft/ragtest/input/book.txt'}],True
1, 如何通过经验的累积形成想蕴？,[�安立种种的名称，既是所谓名相的安立。这个名相是众生主观的安立，而在这名相中执著有一个实有的个体。我们以‘山’来做例子，眼睛看到一堆沙土，就看到‘山’的这个形色，那个颜色的形状多次的出现在眼前、过后，心确定有‘山’的形相存在，认为实在有这样的东西，就开始构画种种相状。接著给此相状的物体名字，称它为‘山’。过后却颠倒过来，不知道‘山’的实体，是因为有这样的形状，我们把它称为‘山’罢了。从此以后，我们一件到这样的形状，就执著生起‘山’的‘想’，这就是所谓的想蕴。所以这个想蕴并不是一次得来，而是累积了多次的经验后得到的。在举一个例子：当一个人出世后，没有看过下雨，母亲把他抱到外面，看到雨水纷纷落下，他根本不知道那是‘雨’，也不知道那是什么回事，看了又看，慢慢的就认定世间有这样东西，会从天上掉下来，后来他从大人那儿学习到那是‘雨水’，结果以后他就执著，认为这个世间真的有‘雨水’，这就是想的作用。\n\n想蕴跟受一样，也是从六根而来。眼睛接触的境所生的这个想，既是颜色的相貌，称为色相；耳朵分别声音的相貌；鼻子分别气味的相貌；舌头分别味道的相貌；身体分别接触的相貌�],通过多次的经验累积，例如看到某种形状多次后，心确定有该形相存在，并开始构画种种相状，然后给此相状的物体命名。随着时间的推移，我们会对这样的形状产生执著，形成特定的‘想’，这就是想蕴的形成过程。,simple,[{'source': '/Users/xiyuchen/PycharmProjects/graphrag-microsoft/ragtest/input/book.txt'}],True
2, 佛陀如何运用智慧来无碍地了解过去世的一切法？,[，常度一切众生，无有休息，是名精进无减。\n\n（9）、念无减：佛陀时时刻刻都在正念中，是名念无减。\n\n（10）、慧无减：佛陀具一切智慧，无时无刻不再观照智慧中，是名慧无减。\n\n（11）、解脱无减：佛陀时时刻刻都处在解脱之中，是名解脱无减。阿罗汉有时还会生起‘苦’的感受。\n\n（12）、解脱知见无减：知道一切修行解脱之方法与道理，是名解脱知见无减。\n\n（13）、一切身业随智慧行：佛陀现三十二种好相，八十随形好，调伏众生，以智慧演说一切诸法，教化众生使其解脱证果，是名一切身业随智慧行。\n\n（14）、一切口业随智慧行：佛陀以微妙清净之语随智而转，化导利益一切众生，是名一切口业随智慧行。\n\n（15）、一切意业随智慧行：佛陀以清净之意业，随智慧说种种法，灭除众生的无名迷惑，是名一切意业随智慧行。佛陀无时无刻都用智慧度化众生；阿罗汉进入灭尽定后就没用智慧度化众生了。\n\n（16）、智慧知过去世无碍：佛陀以智慧照知过去所有一切法，悉能遍知而无碍，是名智慧知过去世无碍。\n\n（17）、智慧知未来世无碍：佛陀以智慧照知未来世所有一切，悉能遍知而无碍，是名智慧知未来世无碍。\n\n（18）、],佛陀以智慧照知过去所有一切法，悉能遍知而无碍，是名智慧知过去世无碍。,simple,[{'source': '/Users/xiyuchen/PycharmProjects/graphrag-microsoft/ragtest/input/book.txt'}],True
3," ""在十二因缘中，无明的定义是什么，以及它如何影响我们的行为和业报？",[��升起，而造成另一个因缘也生起，故佛经中常说：‘此有故彼有，此灭故彼灭。’这句话的意思是：有这样的东西生起，所以另外一样东西也跟著生起；有这样的东西消灭，另外一样东西也跟著消灭。\n\n一、十二因缘三世二重因果：\n\n第一重因果：过去因到现在果。\n\n过去因：无明是过去迷惑。\n\n行是过去造业。\n\n（1）、无明：我们迷惑无知，对善恶因果不明白，于佛、法、僧三宝不明白，也不知不觉，这就称为‘无明’。在十二因缘中的‘无明’是过去世烦恼的总称。\n\n（2）、行：因为无明使我们迷惑，发动心驱使身，口，意造业，此称为‘行’。此造作产生将来的果报，既是我们今世所受的善恶诸业的果报，所以‘行’就是业报，使我们投胎轮回生死。现在果：识、名色、六入、触、受是现在苦果。\n\n（3）、识：众生前生死时，名色（精神与物质）的活动散灭，而转成另一系列的精神活动。好像前世是人，死后转生为乌龟，那做人的精神活动就灭，转变成为乌龟的精神活动。因惑业导致，此‘识’重新入胎。此‘识’与前六识（眼、耳、鼻、舌、身、意）不同，在此处特别指入胎的‘识’。在南传佛教只说为‘识’，但大成佛教的唯识宗说是第八识－－阿赖耶识。我们死后，生前的名色散掉],在十二因缘中，无明是过去世烦恼的总称，指的是我们对善恶因果不明白，对佛、法、僧三宝不明白，也不知不觉。因为无明使我们迷惑，发动心驱使身、口、意造业，此称为‘行’。此造作产生将来的果报，即是我们今世所受的善恶诸业的果报，所以‘行’就是业报，使我们投胎轮回生死。,simple,[{'source': '/Users/xiyuchen/PycharmProjects/graphrag-microsoft/ragtest/input/book.txt'}],True
4," ""为什么有些人会因为妒忌心理而不能忍受他人的成就或优越？",[并以粗暴言行骚扰他人，或疾言厉色的怒骂别人，使他人也苦恼。\n\n（4）、害：恼后就无悲愍及爱心，常以打杀、恐吓等侵损逼害众生。就好像他对我不仁，我就对他不义。\n\n恼与害之差别：有些人‘害’的烦恼少，被人欺负，只会在那而‘恼’罢了，即使他很苦，也不敢害人，这种人就是有良知，有慈悲心者，他没能力反抗，因为不敢害人。反之有一些人，他有害的烦恼，苦恼之后就要去对付别人，这就是由‘恼’转为‘害’；有些人很残酷，路过见到一些猫、狗等小动物，他都无缘无故地踢一脚，这是没有恼，但是有害的心理，没有慈悲心；看到蛇、蟑螂就一定要打死；看见蟑螂讨厌是因为恼、忿、恨，所以打；但是看见青蛙也要打死，那就是害的心。这世间就是有一些没有慈悲心的人，经常损害别人。\n\n（5）、嫉：即妒忌，不能忍受他人之成就、优胜而起嗔心。有些人妒忌别人的名誉、地位、财富等。妒忌别人比自己漂亮；别人的孩子比自己的聪明；别人做事有成就被赞叹，而令你生起妒忌等等。此烦恼是与他人无关，没人惹你，是自己不能忍受别人比你优越，而生起妒忌的心理。\n\n（6）、诳：虚伪的夸大，或是以言行假装有才德，为求名利来欺骗他人。比如有人问一个�],有些人会因为妒忌心理而不能忍受他人的成就或优越，是因为他们不能忍受别人比自己优越，如别人的名誉、地位、财富等，或者别人的孩子比自己的聪明，别人做事有成就被赞叹，而生起妒忌的心理。,simple,[{'source': '/Users/xiyuchen/PycharmProjects/graphrag-microsoft/ragtest/input/book.txt'}],True
5,“十二因缘的概念如何解释业与轮回过程中自我的缺失？”,[�果报；我们总以为有一个‘我’在受果报，这是不对的；那是识、名色、六入，触等种种法在受果报。比如说：有一间亚答屋被火烧，难道是它在受果报吗？不是的。它是亚答屋的叶子，里面的木材等东西，因为加热，就燃烧起来；它燃烧后就灭了，里面没有受果报的亚答屋。由亚答叶、木板等材料组成一间被我们称为‘亚答屋’的东西；同样的，由识、名色、六入、触、受形成一系列活动，我们把它称为‘众生’，实际上没有一个实体的‘众生’在受果报。\n\n（4）、无自作用：十二因缘当中，没有一个因缘可以自己作用，必须依靠其他的因缘。好像我们的六根从胚胎来，胚胎从‘入胎的识’来，识从业报来等等，所以每一个都是靠其他的因缘生起，它不是自己在作用。\n\n（5）、从因生：因为不是自作用，也没有作者在做，故从因生。\n\n（6）、不自在：十二因缘的流转，是令我们不自在的；因缘的相生相灭，不是我们所需所要。甚至于这个爱、取也是因为过去的引发来的，里面并没有一个我要爱、我要取。\n\n（7）、托众缘转：十二因缘中的任何一支都不可以单独产生作用，它要依靠众多因缘引发，才能转来变去，所以说它需要托众缘转。\n\n（8）、无常、苦、无我：十二因缘中的每一�],“十二因缘”的概念阐释了在业与轮回过程中自我缺失的现象，指出并没有一个单一的实体或“自我”去体验业的结果。相反，它是一系列相互关联的现象（识、名色、六入、触、受）共同构成了我们所感知到的“生命”或“存在”。这些现象相互依存，因各种因缘而生起，并非自存或自运作。这种理解驳斥了有一个恒常不变的自我经历轮回并体验业果的观念。,simple,[{'source': '/Users/xiyuchen/PycharmProjects/graphrag-microsoft/ragtest/input/book.txt'}],True
6," ""在佛教中，业与业报是如何影响众生的生死轮回的？",[的我，追求死后的将来，而这样的贪爱，使我们死后将来再继续受生，称为后有爱。\n\n２、贪喜集行爱：当现前的境界出现时，我们因迷惑而执著它，称为贪喜集行爱。\n\n３、彼彼希乐爱：我们知道现前这样快乐的境界，追求将来也要有这样的境界，称为彼彼希乐爱。比如今生夫妻生活适意、恩爱，希望将来死后夫妻再结来生缘。\n\n因为这种种的爱，使到我们死后再来生死轮回。由这个贪爱的烦恼使我们产生常、乐、我、净四个颠倒。在这个贪爱之中有一个‘自体爱’，称为我执。众生对这个我执深执不舍，便无时无刻都在求生求存，求再生，求永恒的生存。因为这个贪生的欲望，使得过去、现在所造的诸业得到滋润，继续向前推动。业是过去的因，贪爱这个烦恼是现在的缘，因缘和合，我们就生生不已，一生有一生。\n\n（二）、业：我们过去及现在世所造的种种业行，它也是属于集。因为业行能集无量种众生业道于内身。\n\n（1）、业的意义：业为造作义，既是有意造作之行为称为业。业所造成之效应（果报）称为业报。此中造作之心有善、恶、无记三种，形成善、恶、无记三种业报。\n\n（2）、业的推动者：求生、求存、求再生之‘有爱’滋长意志造业，是生命能继续延续及向前迈进。（请参�],在佛教中，业与业报通过因缘和合的方式影响众生的生死轮回。业是过去的因，贪爱这个烦恼是现在的缘，因缘和合，我们就生生不已，一生有一生。业的意义是有意造作之行为，其效应（果报）称为业报。求生、求存、求再生之‘有爱’滋长意志造业，是生命能继续延续及向前迈进。,simple,[{'source': '/Users/xiyuchen/PycharmProjects/graphrag-microsoft/ragtest/input/book.txt'}],True
7," ""在佛教修行中，阿罗汉是如何断除掉悔的？",[�了一些烦恼，但还必须继续修学圣道，故称为有学圣人。\n\n（四）、四果：\n\n梵文称为阿罗汉果。阿罗汉译义有三：一者、杀贼；二者、应供；三者、无生。意思是阿罗汉杀尽了一切烦恼贼，不再有生死业之生起，是应当受人天供养的圣者。由于已断烦恼和证得涅槃果，在修道上已无可修学，故阿罗汉称为无学圣人。此圣者断除的烦恼有：\n\n（1）、色界取：色界的贪。\n\n（2）、无色界取：无色界的贪。\n\n我们凡夫有欲界、色界、无色界的贪，称为三有的贪。三果圣者断除欲界的贪，初果与二果的圣者都还没断除它；阿罗汉却完全断除了这三界的贪。\n\n（3）、我慢：阿罗汉断除了我慢，既是我们凡夫在心、境对立时，会认为外面所知的是境，能够知道的是我，这跟身心无关，这是一种知觉上面的执著，这个‘我’称为我慢。\n\n（4）、掉悔：阿罗汉断除了不安－－掉悔。学佛者在修行过程当中，每当他进入某个境界时，要把那个境界舍掉，才可以进入另外更高的境界。比如修禅定，进入初禅者，要舍掉初禅的境界后，继续修行，才可进入二禅。如果不放弃，他就会执著初禅的境界。在修行的过程中，当他放弃初禅，要进入二禅时，心退回初禅去的],阿罗汉断除了不安－－掉悔。学佛者在修行过程当中，每当他进入某个境界时，要把那个境界舍掉，才可以进入另外更高的境界。比如修禅定，进入初禅者，要舍掉初禅的境界后，继续修行，才可进入二禅。如果不放弃，他就会执著初禅的境界。在修行的过程中，当他放弃初禅，要进入二禅时，心退回初禅去的,simple,[{'source': '/Users/xiyuchen/PycharmProjects/graphrag-microsoft/ragtest/input/book.txt'}],True
8, 佛陀在什么方面表现出“无不知己舍”的特质？,[河神道歉说：‘小婢，对不起。’原来这位阿罗汉前五百世都是婆罗门出身，因为种姓高贵，故有傲慢的业习。虽然今世证悟了阿罗汉果，他没有此烦恼，但业习尚存，这不妨碍他证悟，但口业还有过失。\n\n（4）、无异想：佛陀对众生一视同仁，没有所谓的这个好，那个不好，平等普度，心无简择，是名无异想。阿罗汉还有分别，佛经上有记载：佛陀的弟子须菩提尊者认为：穷苦的人家，生活难以维持，没有多余的饮食供养出家人，所以尊者专门乞富不乞贫，以免增加贫穷人家的负担；反观大迦叶尊者却认为：出家的沙门，守道行法，是人间的福田，受人间的供养，是给他们增长福慧的机会，故尊者专门向贫穷人家化缘，免除他们将来贫困。须菩提与大迦叶尊者有分别众生的因缘而度生，生起不平等之心。\n\n（5）、无不定心：佛陀没有出定或入定，行、往、坐、卧常在甚深的禅定中，是名无不定心。阿罗汉就有出定或是入定，他们入灭尽定或出灭尽定。\n\n（6）、无不知己舍：佛陀念念知道自己对一切法已经没有执著，是名无不知己舍。\n\n（7）、欲无减：佛陀具众善，常欲度诸众生，心无厌足，是名欲无减。\n\n（8）、精进无减：佛陀之身心，精进满足],佛陀念念知道自己对一切法已经没有执著，是名无不知己舍。,simple,[{'source': '/Users/xiyuchen/PycharmProjects/graphrag-microsoft/ragtest/input/book.txt'}],True
9," ""在佛教中，十二因缘的顺观和逆观分别是什么？",[�怎样出胎？出胎后几岁有触，几岁有爱、取等等，这是一些论师如此诠释，不是佛陀阐述的。好像《俱舍论》，就是以年龄的划分来讲解十二因缘，这是不正确的。佛陀讲十二因缘时，不说三世两重因果，也没有说惑、业、苦，只是直接了当的说十二因缘，后来的论师加以分析，说它有惑、业、苦以及三世两重的因果，此虽非佛说，但是这是正确的。\n\n九、十二因缘给我们的启示：\n\n（一）、十二因缘流转的顺、逆观：从‘老死’追寻到‘无明’，称为逆观；从‘无明’追寻到‘老死’，称为顺观。此顺、逆观又可分为流转门的顺、逆观与还灭门的顺、逆观。十二因缘流转门的顺、逆观就是看它生（流转）的原因，所生的果报；还灭门的顺、逆观就是看它灭（还灭）的原因，所灭的果报。顺观就是‘无明’灭‘行’就灭，‘行’灭‘识’就灭，‘识’灭‘名色’就灭，……。逆观是：如果要‘老死’灭则要灭掉‘生’，要灭‘生’就要灭‘有’，要灭‘有’就要灭‘取’，……。这就是还灭门的顺、逆观。\n\n（二）、佛所说的十二因缘中的十二支缘生法，其共同性质是无常、无我、没有作者、没有受者。佛陀还告诉我们生死流转真正因果之所在，不明白十二因缘者，就会误会这世间与人类都],在佛教中，十二因缘的顺观是从‘无明’追寻到‘老死’，称为顺观；逆观是从‘老死’追寻到‘无明’，称为逆观。顺观和逆观又可分为流转门的顺、逆观与还灭门的顺、逆观。,simple,[{'source': '/Users/xiyuchen/PycharmProjects/graphrag-microsoft/ragtest/input/book.txt'}],True
10, 在佛教中，证悟涅槃的人如何理解“无我”这一概念？,[�时，无一物可得，阿罗汉证悟涅槃亦复如是。我们众生就是获得太多，这边拿，那边抓，‘财产’太多，样样都放不下，所以没办法觉悟与解脱。如果有一天，我们觉悟到无所得时，既是断除了一切烦恼，那时就证悟涅槃了。\n\n涅槃就是无生，无生所以不灭，所以涅槃有称为不生不灭。因为不生所以就非有，非有就不无，就是不是有，也不是无，故涅槃不属于存在或不存在。有很多人误解了涅槃，他们迷惑地问涅槃以后，那个人存在吗？他去了哪里？但是涅磐是无生，无生就没有灭，就不能称为有，也不能称为无。一个东西生出来，你称它为有，它灭掉了，你称它为无，没有生不能称为有，不能称为无。涅槃不属于有、无，就不能问涅槃者存在或不存在？存在或不存在是凡夫烦恼的概念。涅槃并没有一个人证到涅槃，因为觉悟涅槃的人一无所得，包括这个‘我’，就是他觉悟到‘无我’，既然无我，就没有我证悟涅槃。证悟涅槃就是没有烦恼的智慧，这其中无一法可得，就是这么一回事而已！\n\n以凡夫的眼光来看，证悟涅槃者再也没有造作，他不求生，也不求断灭，他不会认为这个世间给他种种苦，要把它们断掉，他的内心没有执著与挂碍，寂灭清凉、（寂既是寂静不动�],在佛教中，证悟涅槃的人理解‘无我’这一概念，即觉悟到‘无我’，包括这个‘我’，既然无我，就没有我证悟涅槃。证悟涅槃就是没有烦恼的智慧，这其中无一法可得。,simple,[{'source': '/Users/xiyuchen/PycharmProjects/graphrag-microsoft/ragtest/input/book.txt'}],True
11, 在进入欲界定后，心念是如何自动平稳的？,[体弯曲惯了；有些人的身体不会歪斜，是因为他用精神去控制，把身体矫正，这是有心去造作（故意去做）的；呼吸又不大顺畅；我们得用数息观、不净观、慈悲观等等方法使心定下来。过了一个时候，身体会慢慢调好，呼吸也渐渐顺畅起来，心念也就越来越细幼。这种定称为粗心住。进入粗心住时，杂念减少。然而，杂念少并不等于定，只是不再胡思乱想罢了，但是心念还会在六根（眼、耳、鼻、舌、身、意）门头跑来跑去。\n\n（二）、细心住：\n\n这时候的心念已经很微细，身体不必用心力调正，自动平衡，已经习惯了，而且坐久也不疲倦，这就是所谓的持身法。所有有静坐经验的人，如果静坐半个钟头、一个钟头后身体就很疲倦，那就是还没进入粗心住，当进入粗心住，在进入细心住时，身体就自动的调正，而且坐久也不疲劳。如果继续坐禅，深入定的话，就能进入真正欲界的禅定－－欲界定。\n\n（三）、欲界定：\n\n平时我们要用心将妄念捉回来，进入欲界定后，不必加以控制，妄念也不会生起，而且心念自动平稳，不必用心力去调整它，此时心任运不动。进入这种定后，就能够整天坐禅。以上三种定还不能称为真正的禅定，只能称为普通的定。\n\n�],在进入欲界定后，心念自动平稳，不必用心力去调整它，此时心任运不动。,simple,[{'source': '/Users/xiyuchen/PycharmProjects/graphrag-microsoft/ragtest/input/book.txt'}],True
12," ""在佛法中，如何通过禅定进入色界和无色界？",[，这四种定都是要一层一层的进入，已经出了色界，称为‘无色界定’。在佛法中我们将这个世间分为三界，又称为九地，既是欲界称为散地；色界和无色界称为定地，要进入此二界，必定要依靠禅定；但是在欲界中，比如要进入兜率天、忉利天等就不须靠定力，只要积极努力的修集各种的福德因缘即可。\n\n二、简介修习禅定之方法：\n\n根据南传的《清净道论》中共有四十种修习禅定方法，它们是：十遍、十不净、十随念、四梵住（四无量心）、四无色、一想和一差别。修习禅定应从数息入手，比较稳当；因为各种禅定的修行适合不同根器的众生，比如修不净观，能够破除淫欲，但是有些人嗔心重，修不净观到一个时期后，会对身体产生厌恶的心理，结果想自杀，这种人就不适合修不净观。所以修习各种禅定的方法应该根据个人的烦恼所在而修，并不是人人都能够修习相同的方法。但是其中两种禅定方法，比较适合大多数的众生，它们是不净观与数息观。\n\n我们的心很散乱，坐禅时数呼出吸入的气息，慢慢降服我们的散乱心而进入定；我们是烦恼重的欲界众生，要修禅定进入色界，就要舍离欲界的种种欲望，而在此中最严重的烦恼是色欲，所以我们应该修不净观来对治它，所以数息观�],在佛法中，要进入色界和无色界，必定要依靠禅定。修习禅定应从数息入手，比较稳当。通过数息观和不净观等方法，可以逐步降服散乱心，舍离欲界的种种欲望，从而进入色界和无色界。,simple,[{'source': '/Users/xiyuchen/PycharmProjects/graphrag-microsoft/ragtest/input/book.txt'}],True
13, 在大乘佛法中，如何用“性空”这一概念来概括无常、苦、无我？,[�是同样一回事，只是不同东西，同样的作用，而我们把色尘当成外在的身体与世界，法尘当成是我，所以佛陀要我们观法无我，而且要观一切法都无我。法尘是内在的，但这法念处不止是指法尘，它还包括五蕴及世间的一切，里面都没有一个我。\n\n四念处要完成的观行是：观身不净、观受是苦、观心无常、观法无我。虽然如此，但是在做观行的过程，并不是永远去观想不净、无常、观苦、观无我，而是要把我们的心念、行为、举动等觉察到了了分明。\n\n五、总相念处：\n\n四念处除了这四个不同的观行外，还有一个总相念处，既是在这四念处中观一切有为法皆是无常、苦、无我以及空性。既是：身念处是无常、苦、无我；受念处是无常、苦、无我；心念处是无常、苦、无我；法念处是无常、苦、无我。无常、苦、无我在大乘佛法中以一句话来总括它，既是所谓的‘性空’。一切法都无自性，既是空性，故要观空。\n\n《俱舍论》中说：‘身受心法各别自性名为自相，叫做别相念处。’既是各别的观察身念处、受念处、心念处、法念处，称为别相念处。如果以法的总体来看，一切有为法皆是无常，一切有漏的皆是苦，一切法皆是空性、无我性，这称为一切法的共相。我们可以一切法的共相来观察一切法，乃至以此法来观察四念处，这样的观察称为总相念�],在大乘佛法中，无常、苦、无我这三个概念可以用‘性空’来总括。性空意味着一切法都无自性，既是空性。,simple,[{'source': '/Users/xiyuchen/PycharmProjects/graphrag-microsoft/ragtest/input/book.txt'}],True
14, 什么是愚痴，以及它在人们面对好坏混淆时的表现是什么？,[对方有一些缺点，结果有时贪爱他，有时又嗔恨他，但贪爱与嗔恨的部分是不一样的。两种心情混在一起时，他就搞糊涂了，到底我是爱那个人呢？还是恨那个人？所以贪爱与嗔恨之心决不会同时生起，但贪爱与嗔恨之间，取舍不定时，则产生愚痴。\n\n（三）、痴：既是无明，于诸事理迷惑，是非不明，事理无知。对四圣谛、三宝的实、德、能（真实、功德、自能修成），不能信受。既是说对于真理的实、三宝的功德、自己与他人能修行解脱，这三件事情迷惑，没有信心；或是对一件事不知分辨对与错，这都是愚痴。比如说你爱某人，是爱他的优点与美德；你嗔某人，是讨厌他的缺点。这使你混淆，把两件事当作一件事，不知是对或是错，不能明辨是非，就产生愚痴。实际上世间的种种事物是不可能十全十美的，但你要美满、美好，好的你要，坏的你不要，好坏在一起时，不能分辨是非，而产生不知取舍，结果不知如何是好，这就是愚痴。\n\n我们对事理不明白，不知晓，这也可说是愚痴。当我们愚痴时，往往会做出各种傻事，比如看到人受病苦的折磨，我们可怜他，认为反正他是要死了，不如把他人道毁灭，让他早日解脱，这就是愚痴。因为我们不明白病苦中有因果业报，决不会因�],愚痴是指对事理迷惑，是非不明，事理无知。在面对好坏混淆时，人们会不知取舍，无法明辨是非，导致不知如何是好，这就是愚痴的表现。,simple,[{'source': '/Users/xiyuchen/PycharmProjects/graphrag-microsoft/ragtest/input/book.txt'}],True
15,如何通过提升觉悟和控制心念来减少贪爱，实现内心平静？,[，她也悲哀，如果有一天她觉悟到；这个人跟我有一段因缘，前世与我的缘比较深，今世生活在一起，如此这般地做母子（女）罢了。你无需为他而悲哀，也不必为他而快乐，他有他的业，为什么别人的悲哀与快乐，你无动于衷？而子女的悲哀与快乐却能牵引你，使你喜上眉梢或牵肠挂肚？如果你观察到这一切都是缘份，看的很清楚的话，这个悲哀与快乐就会消除。讲的更简单一点：有钱人玩古董，古董是什么？是石头、破砖烂瓦？其中有何物值得你爱，使你执著？这个杯子有什么东西使你快乐？没有。但是一千年的杯子，你却对它有无穷的乐趣，爱不释手，那时因为你贪爱它。如果你观察到这也不过是个千年的杯子罢了，现在这个杯子也是杯，我为什么要执著千年的杯子那？如果你看清楚，把它放下，那就没事了。所以我们要观察贪爱是从哪儿生起，才能把贪的烦恼放下。其他的种种烦恼也是一样，如果我们能觉悟、掌握咱们的心念，爱、取不生，那么一切终归与寂静，烦恼不生起，内心一团平静，寂灭的境界，称为涅槃。\n\n（四）、佛陀在经中对十二因缘有各种譬喻：\n\n（1）、植树的譬喻：流转门有如种树浇水加肥料，树木就茁壮成],通过观察贪爱是从哪儿生起，才能把贪的烦恼放下。其他的种种烦恼也是一样，如果我们能觉悟、掌握咱们的心念，爱、取不生，那么一切终归与寂静，烦恼不生起，内心一团平静，寂灭的境界，称为涅槃。,reasoning,[{'source': '/Users/xiyuchen/PycharmProjects/graphrag-microsoft/ragtest/input/book.txt'}],True
16,佛陀的四圣谛是如何应对世俗与精神因果关系的？,[��’一样，我们不要被这个名称所束缚，不论何人讲出的道理符合真理，它就是真理，不一定由佛说，真理任何人都可以演说，所以我们听闻佛法时，要依法不依人。既使是杀人魔说三法印，只要说对；不是因为他是杀人魔，就认为他演说的三法印是错的。因为真理就是真理，绝不因为是谁讲演就是对或错，所以我们要确认、辨别佛法真理的中心－－三法印。\n\n四圣谛\n\n【四圣谛的意义】\n\n‘谛’就是如是不颠倒，既是真理。‘圣谛’是圣人所知之绝对正确的真理。‘四圣谛’说四种真理：一者、苦圣谛；二者、集圣谛；三者、灭圣谛；四者、道圣谛。唯有佛陀才能开示它，其余的人只能随著佛陀而解说，乃至辟支佛也只能自己觉悟，没有办法以四圣谛来度化众生。辟支佛知道世间的苦果，知道苦的原因，知道灭苦的果，但是却没办法讲出灭苦的‘道’。这个‘道’是种种的修行方法，他没有办法开示诠释，所以四圣谛唯有佛陀能圆满的阐述。在佛陀未出世之前没有四圣谛，其他的圣者是以观十二因缘而觉悟的。\n\n佛陀阐释四圣谛的目的，是要告诉我们世间的因果以及出世间的因果。‘苦’是指世间的苦果；‘集’是苦升起的原因－－世间因；‘灭’是苦熄灭的果－－出世间的果；‘道’是灭苦的方�],"佛陀所阐述的""四圣谛""，通过描绘苦难的本质（苦）、苦难的根源（集）、苦难的止息（灭）以及通往苦难止息之路（道），探讨了世俗与精神层面的因果关系。这些真理为理解世间苦难经历及寻求其精神解脱之道提供了框架。",reasoning,[{'source': '/Users/xiyuchen/PycharmProjects/graphrag-microsoft/ragtest/input/book.txt'}],True
17,骚扰者可能会对他们的目标产生什么样的情感？,[并以粗暴言行骚扰他人，或疾言厉色的怒骂别人，使他人也苦恼。\n\n（4）、害：恼后就无悲愍及爱心，常以打杀、恐吓等侵损逼害众生。就好像他对我不仁，我就对他不义。\n\n恼与害之差别：有些人‘害’的烦恼少，被人欺负，只会在那而‘恼’罢了，即使他很苦，也不敢害人，这种人就是有良知，有慈悲心者，他没能力反抗，因为不敢害人。反之有一些人，他有害的烦恼，苦恼之后就要去对付别人，这就是由‘恼’转为‘害’；有些人很残酷，路过见到一些猫、狗等小动物，他都无缘无故地踢一脚，这是没有恼，但是有害的心理，没有慈悲心；看到蛇、蟑螂就一定要打死；看见蟑螂讨厌是因为恼、忿、恨，所以打；但是看见青蛙也要打死，那就是害的心。这世间就是有一些没有慈悲心的人，经常损害别人。\n\n（5）、嫉：即妒忌，不能忍受他人之成就、优胜而起嗔心。有些人妒忌别人的名誉、地位、财富等。妒忌别人比自己漂亮；别人的孩子比自己的聪明；别人做事有成就被赞叹，而令你生起妒忌等等。此烦恼是与他人无关，没人惹你，是自己不能忍受别人比你优越，而生起妒忌的心理。\n\n（6）、诳：虚伪的夸大，或是以言行假装有才德，为求名利来欺骗他人。比如有人问一个�],骚扰者可能会产生烦恼、愤怒的情绪，以及想要伤害或恐吓其目标的欲望。,reasoning,[{'source': '/Users/xiyuchen/PycharmProjects/graphrag-microsoft/ragtest/input/book.txt'}],True
18,见道后，哪种修行法门有助于控制贪欲和散乱？,[听到尾，这只是听而已，但是你们真的去到那个地方，那才是见道。我们听闻了很多佛法，有一天觉悟道真的是如此的时候，那就是见道。见道的人断除了我见、戒禁取见及怀疑三种束缚他们的轻微烦恼，称为三结。\n\n（4）、修道位：修行者见道后继续修行，称为修道位。既是初果、二果、三果圣者，这些圣者称为有学圣人。\n\n（5）、无学位：既是证悟阿罗汉果。证阿罗汉果的圣者已经完全解脱烦恼，再也不必学习即修行解脱的方法，称为无学，所以阿罗汉称为无学圣人。\n\n（二）、修道的方法：\n\n修道的法门有很多，主要的有下列几种：\n\n（1）、五停心：修习以下五种法门，能制止心内的过患，然后得定而引发智慧。\n\n观法：          所对治之烦恼：\n\n不净观－－对治贪欲－－观内身不净，除色身爱；观外身不净，除淫欲爱。\n\n慈悲观－－对治嗔恚－－于怨亲等观，慈心与乐，悲心除其苦。\n\n因缘观－－对治愚痴－－观生死中唯有十二因缘，其中无我，无作者，无受者。\n\n界分别观－－对治我慢－－观十八界各界有各自之法，无有一合相之我。\n\n数息观－－对治散乱－－数出入息，系心于息而得定力。\n\n在这五停心中的不净观及数�],在五停心中的不净观有助于控制贪欲，数息观有助于控制散乱。,reasoning,[{'source': '/Users/xiyuchen/PycharmProjects/graphrag-microsoft/ragtest/input/book.txt'}],True
20,在未完全断除欲界烦恼的情况下，证得斯陀含果后还需往返何处一次？,[家自然的比丘形相。\n\n（二）、二果：\n\n梵文称为斯陀含果。证初果圣者断除三结后，必须继续修行，到另一阶段，贪嗔痴减薄，便证得斯陀含果，此果又称为‘一来果’因为对欲界烦恼未完全断除，还必须在欲界的人间天上来往一次。在这往返生死中，他必定能继续修行而证阿罗汉果，但是有些修行者不必证悟初果，可以直接证悟斯陀含果，那是因为各人因缘不一样，烦恼轻重不同之缘故。果位越高，烦恼就越轻。故证果并非得到什么，而是把烦恼放下。\n\n（三）、三果：\n\n梵文称为阿那含果，译为不来果，三果圣人断除欲界所有的烦恼，故在欲界死后，生色界五净居天，永不来欲界受生，故名为不来果。在彼天继续修行，证阿罗汉果。三果圣人断除欲界的贪与嗔；欲界中有嗔，进入色界后就没有了。三果圣人断除欲界的贪，但还有色界与无色界的贪。因为有色界的贪，故今生舍报之后，就生在色界。\n\n三果圣人断除五下分结，既是我见、戒禁取见（邪行）、疑、欲界的贪以及嗔心。我们可试探证果的圣者，如果还有嗔心，那肯定他不是三果圣人。依经上说在家居士可证得三果，证果后自必绝男女之欲。证悟初果、二果、三果的圣人，他们虽然断�],在欲界的人间天上来往一次,reasoning,[{'source': '/Users/xiyuchen/PycharmProjects/graphrag-microsoft/ragtest/input/book.txt'}],True
22,在佛教修行中，如何运用正念和正定实践正业，避免伤害众生？,[心念时时明了不忘失，比如念佛，对于念佛的境要明记不忘，这叫正念；如果念佛时想吃东西，是不正念，即使在念佛时想要去救人等好事，若不觉知心已随境转，也是失去正念。这个八正道中的正念偏重于定学，既是你所修的法或境，要保持它，称为正念；如果没办法保持它，既是失去正念。\n\n８、正定：心一境性，不向外驰散，正定有初禅至灭尽定，禅定时的用心不外两种情况：\n\n（1）、止（三摩地）：即入定，心一境性，并非不起念，而是心念保持在单一之定境中。\n\n（2）、观（毗婆舍那）：于定中起智慧，用佛法观察实相。\n\n修‘止’能暂伏烦恼，但不能除去烦恼；修‘观’则能除去所对治的烦恼。\n\n┌戒：正语、正业、正命\n\n三无漏学－┼定：正勤、正念、正定\n\n└慧：正见、正思维\n\n（三）、总结：\n\n（1）、在道谛中并没有祈祷，膜拜与仪规，因为这些不是正道。不过，对于教义不理解之初信者，由于宗教情操的需要，通过优美的习俗与仪式来引导他们走上这条圣道。\n\n在小乘经典中注重正见，大乘经典中注重般若，所谓五度如盲，般若如眼。\n\n有人认为正精进不属于定学，修八正道时，每一道都要精进，然而对修解脱道者来说，八正道中的正精进应该�],在佛教修行中，正念和正定是实践正业的关键。正念要求修行者保持对所修法或境的清晰记忆和专注，不被其他念头干扰。正定则是心一境性，不向外驰散，通过止（三摩地）和观（毗婆舍那）来维持内心的平静和智慧。通过正念和正定的实践，修行者能够更好地控制自己的行为和念头，从而避免伤害众生，实践正业。,multi_context,[{'source': '/Users/xiyuchen/PycharmProjects/graphrag-microsoft/ragtest/input/book.txt'}],True
23,佛教中，意业如何影响身口业的果报？,"[身，口，意三业的真正造业的主因是意，也既是我们的心。故有身，口业，必然会有意业存在，有意业未必有身，口业。\n\n2、以业的性质来分。\n\n（1）善业：我们造作的一切行为，事情，将来会形成好的果报。\n\n（2）恶业：我们造作的一切行为，事情，将来会形成恶的果报。\n\n（3）无记业：我们造作的一切行为，它不是善的，也不是恶的。比如走路，扒痒，这其中无善亦无恶，那只是你身体痒，就很自然，很习惯的扒了一下，这就是无记业。有人说无记业没有果报，这是不正确的，大乘佛教认为，无记业是有果报的，比如说，在一起飞机意外失事的事件中，当时机师并没有生起杀害搭客之心，但是当一些搭客在命终时，可能生起嗔心，怪罪于机师，认为这是他的疏忽所致，将来那位机师就可能要受到果报。善恶是指我们的心起善或起恶心而言，但有时候并非完全如此。我们有时候会因为愚痴而起善心造恶业。比如说，有人病的很痛苦，你起善心杀了他，杀人是恶业，以后要受恶的果报，但你却以为帮他脱离苦海，解脱了。依佛教的因果业报来说，这只是使他要受的病苦，延迟到下一世罢了。所以善恶业有时候并不因为我们的心是善或恶，而是要以果报来决定才是最正确的, ��没有主宰者，是行为本身形成的力量。比如说天下雨，大地自然被它淋湿，它有一股令草木旺盛的力量存在著；我们造作各种行为之后，自然会形成一股力量，将来我们就得要承受各种果报，此为自然界的现象。\n\n3、业果：既是业报。我们过去造业，因缘成熟，就形成果报，称为业报。有了业因，就形成业力，但未必既有果报，因为业力形成果报，要依赖外在的因缘来引发，所谓因缘成熟，既是业力（一般人所说的业因）与众缘配合，而形成果报的；如果没有众缘，就不可能形成果报。故经中常说：‘若经千百劫，所作业不亡，因缘会聚时，果报还自受。’这是佛教中一个很著名的偈语，它的意思是：我们所做的行为（业因），形成了业力，它需要众缘来引发，才会形成果报。如果业因没有形成果报，它的势力可延续到千百劫之久，等到因缘会遇成熟时，我们必定要承受那个果报。\n\n二、业的分类：业可分为很多种类。\n\n1、以身，口，意三业来分。\n\n（1）身业：身体的行动是一种造作，故身体的行为就是身业。\n\n（2）口业：用心驱使口讲话，是一种行为造作，故讲话是口业。\n\n（3）意业：我们的思想，也是一种造作，故驱使心去思维事物，就是意业。]",在佛教中，意业是身口业的真正造业的主因，因为意业是我们的心。有意业的存在，必然会有身口业，但有意业未必有身口业。意业通过影响我们的思想和动机，进而影响身口业的行为和果报。,multi_context,"[{'source': '/Users/xiyuchen/PycharmProjects/graphrag-microsoft/ragtest/input/book.txt'}, {'source': '/Users/xiyuchen/PycharmProjects/graphrag-microsoft/ragtest/input/book.txt'}]",True
24,在涅槃境界中，如何体会六根本烦恼解脱后的清净与愉悦，以及这种解脱如何对应五欲之贪的变化与消逝？,"[�，通往涅槃的道路－－出世间的因。在经典中有这样的比喻：众生的身心有种种的生死业以及烦恼，既是有各种的心病，佛陀将此病情，以及病情之所在处，告诉众生，并且指出那些解脱的圣人，没有病苦而得到的愉悦，以及解脱病苦的方法。\n\n【四圣谛的次序】\n\n（一）、苦谛：说明世间是苦果。我们要知道苦有如病，应该遍知，这是世间的苦果，也是生死的流转。我们要知道所有的病，才能医治它。\n\n（二）、集谛：说明业与烦恼是苦的根源。我们要知道病苦的原因，将之断除。这是世间的因果，也是生死的流转，但是它指出我们生死流转的原因。\n\n（三）、灭谛：说明解脱与证果。众生无时无刻不在病苦中，我们要知道没病苦的快乐是怎样的？要认识怎样的人是没有病苦的？要证知怎样才是没有病？这是指出世间的果，就是解脱、清净的境界－－涅槃。\n\n（四）道谛：说明离苦的道路。我们要知道修道的方法有如良药，应该修学。这是指出世间的因，我们应该学习、掌握一些修道的方法，努力不懈地修行，最后就可解脱生死。\n\n【一、苦圣谛】\n\n苦既是逼恼的意思。众生经常被无常所患累、所逼恼，所以说是苦。苦相可分为三苦以及八苦；苦果可分为有情世间以及器世间两�, 我们，根本就不知道苦为何物，只知道乐，那么这个苦圣谛就没法成立。但实际上并不如此，这五欲之乐是包含在行苦中，因为它会变化、变坏；也就是说即使升天做天人，在天上享乐，但天福有享尽之日，乐报没了，苦报就接踵而来，所以‘行苦’是真正苦之所在。\n\n【二、集圣谛】\n\n集圣谛是苦的生因，他能集生死苦，故称为集圣谛。集就是招感集取，招感就是业力被烦恼所引发出来；集取就是烦恼在造业。因为我们过去造种种的业形成力量，加上过去与现在种种烦恼的引发，使我们受种种苦。所以这个集圣谛所要讲的就是烦恼以及烦恼所造的诸业行。\n\n（一）、烦恼：佛说我们有八万四千烦恼，所以教导我们以八万四千法门对治之。然而这个八万四千是表示多数，它说明众生有很多烦恼，我们不可能全部认识，只要认识主要的烦恼即可，它们是六根本烦恼以及大、中、小随烦恼。由于时间有限，我在此只讲六根本烦恼。此是凡夫非常严重的烦恼，因为他引发其他烦恼的生起，所以称之为根本烦恼。六根本烦恼又称为十惑，它们既是：\n\n（1）、贪：贪有很多种，普通来讲我们有财、色、名、食、睡五欲之贪，人类的一生就是在这其中打滚，虚度一生。因为我们贪著五欲，所以心�]",在涅槃境界中，解脱六根本烦恼后的清净与愉悦体现在不再受五欲之贪的困扰，因为五欲之贪会变化、变坏，而在涅槃中，这些烦恼被彻底断除，从而达到真正的清净和愉悦。,multi_context,"[{'source': '/Users/xiyuchen/PycharmProjects/graphrag-microsoft/ragtest/input/book.txt'}, {'source': '/Users/xiyuchen/PycharmProjects/graphrag-microsoft/ragtest/input/book.txt'}]",True
26,初果修行者如何理解四圣谛与三宝，以及长期无证悟是否会影响他们对修行法门的信心？,"[�，他用十多年去修学，但没有什么成就，就怀疑此修行法；因为没证悟，更怀疑那些证悟者修行证悟的成果是否是真实的，这就是疑的烦恼。一般很深的‘疑’烦恼凡夫是不容易发现的，除非我们面对修行、烦恼等磨练的时候，才可知道我们对佛法的道理是否是深信不疑。证初果者断戒禁取见、我见，对世间看得很清楚，对佛法就毫无怀疑了。\n\n（六）、不正见：对于因果道理等起不正确之知见。\n\n（1）、身见：执著世间有个身心是我，称为‘我执’。我执有两种：在行为方面的我执就是‘我慢’；在思想方面的我执称为‘我见’，也叫做‘身见’。我执并非是听完无我，相信无我，也确定无我的道理是正确后，就无此烦恼，而是放下我见的烦恼罢了。我执中的‘我慢’是我们内心中根深蒂固的烦恼，碰到任何一件事物，我们就有一个心境内、外的对立，外面的是外境，里面的是我。因为有我执就会生起贪生怕死之念头，就会起贪、嗔、痴等烦恼。譬如对‘无我’的道理深信不疑的人，被人用刀子威胁时，他会怕死，此怕死的行为不是我见，而是我慢。‘我慢’不可凭听讲道理来破除，它必须以修道来断除；‘我见’是一种思想上的烦恼，它可通过明了无我的道理，就可�, 于诸真理常犹豫不决。历史记载二千多年前释迦牟尼佛修道成佛，解脱生死，你却认为有烦恼怎么能够解脱生死呢？对此真理产生不信的心理，称为疑。此怀疑使我们不能接受真理，并非真理不可让人怀疑，而是我们对于任何事物都存有怀疑之心，这是一种烦恼。比如我告诉你们我的俗姓是‘苏’，有人听了就相信，但有些人听了就会产生‘是不是姓苏啊？’此怀疑之心，就是他内心的一种烦恼。有再打个比方：‘美国太空人已登上月球。’有人听了就产生‘是不是真的呀？’他根本不想去寻找答案，不去了解，就直接产生怀疑，这种‘疑’的心理状态，就是烦恼。我们对某些事理，再还没有真正了解之前是可以持有怀疑的态度。当我们真正彻底明了后，就能接受、相信它，这种怀疑的态度佛法可接受。\n\n在佛经中说：如果一个人没证悟初果，他对四圣谛、三宝多少会有疑问。这疑问我们可以保留，但因此而妨碍我们证悟初果。有些人说他对某种修行方法深信不疑，但经过一段长时间的修行后，如果没有证悟，就会生起疑问，怀疑起来。这并不表示当初他对某修行法门没有怀疑，而是他的疑心被信心遮盖住。‘疑心’是一个很深的烦恼，它是根本烦恼之一。例如：有人对‘四念处’这个修行法有信�]",初果修行者对四圣谛、三宝可能会有疑问，但这些疑问不会妨碍他们证悟初果。长期无证悟可能会使修行者生起疑问，怀疑起来，但这并不表示他们当初对某修行法门没有怀疑，而是疑心被信心遮盖住。,multi_context,"[{'source': '/Users/xiyuchen/PycharmProjects/graphrag-microsoft/ragtest/input/book.txt'}, {'source': '/Users/xiyuchen/PycharmProjects/graphrag-microsoft/ragtest/input/book.txt'}]",True
27,声闻乘修行路径中的四个阶段与追求无上正等正觉的目标相比如何？,"[数是佛陀住世时的初果或二果圣人，这些圣者投升天上，再回来人间时，多数佛法已经灭了。因为他们过去证果的善根，最后一生在人间，虽然没有佛法，然而会自动自发去修道，自发的觉悟，所以被称为缘觉。\n\n三、三藐三佛陀：\n\n既是佛，意思是无上正等正觉。所谓无上正等正觉既是自觉觉他，觉行圆满。前面所讲的四果圣者，断除烦恼证果，只是自己觉悟；而佛陀不但自己觉悟，而且也能令他人觉悟，不但如此，他的觉行最圆满。\n\n（一）、自觉：佛陀自己觉悟，他觉悟一切法苦、空、无常、无我，觉悟万法皆空，故成为正觉。佛陀不只是智慧上觉悟而已，而且德行也圆满。\n\n（二）、觉他：佛陀不但能自己觉悟，而且能令他人觉悟。比如证阿罗汉果的圣人，证果之后，知道觉悟是怎么一回事，但很多时候却不懂得教导人，使他人觉悟；而佛陀是具有智慧的觉者，能运用各种善巧方便，度化众生，令他人也觉悟，所以佛陀是自觉觉他的圣者。\n\n（三）、觉行圆满：‘觉’是智慧；‘行’是德行。佛陀的觉行圆满，既是断除烦恼，智慧圆满，佛陀的众德具备，所以称为德行圆满。佛陀觉行圆满的果报是拥有一个佛土；有他所救度的众生；以�, �不净观被和称为二甘露门，它们是要修学禅定的初步。比如说一个人修慈悲观，但心散乱，想动想西，这是很难有成就的，所以他应该先修数息观把散乱的心定下来；又如一个人的心已经有相当的定力，但是他的嗔心重，那他就应该修慈悲观。\n\n在修学禅定的过程中，我们应该去参访有学问得导师以解除疑问，请给予援助和开导或启示，亲身体验一段时期，适合我们根器的方法就是好的，不适合的就应该放弃；除非那个教导者有宿命通与他心通，他知道我们过去业的因缘，与现在贪、嗔、痴心烦恼之所在，能以正确和适合的方法教导我们，这样修习禅定就会很快有成就。如果遇不到这类导师，最好是从数息观、不净观那儿著手，然后再修四念处。\n\n声闻果与佛果\n\n一般学佛的行人，从努力修行，至因缘成熟时，就可觉悟证果。在佛教的证悟中，可分为小乘的果位与大乘的佛果。小乘的果位有四果；大乘菩萨的果位称为‘地’，菩萨十个果位称为十地，真正圆满菩萨六度万行，完成的证悟果位，称为佛果。\n\n一、声闻四果：\n\n小乘又称为声闻乘，既是听闻佛法而觉悟的人。他们之所以被称为小乘人，是因为他们心量小，只求自己解脱。佛教的主要目标，是要‘上求佛道，下]",声闻乘修行的四个阶段，侧重于个人解脱与获得四果位（初果、二果、三果、四果），与追求无上正等正觉的目标有所不同。后者不仅涉及自我觉悟，还具备启迪他人、在智慧与行为上达到圆满完善的能力，这是佛陀的终极目标。,multi_context,"[{'source': '/Users/xiyuchen/PycharmProjects/graphrag-microsoft/ragtest/input/book.txt'}, {'source': '/Users/xiyuchen/PycharmProjects/graphrag-microsoft/ragtest/input/book.txt'}]",True
